,Open,High,Close
0,242.742737,243.35835299999997,484.580017
1,243.838837,247.21722400000002,493.0
2,245.97097799999997,246.421417,487.01000999999997
3,241.30630499999998,241.671677,480.220032
4,240.580582,240.61561600000002,474.880005
5,237.237244,244.444443,482.80001799999997
6,242.252258,248.353348,493.64999400000005
7,248.518524,250.375381,497.57000700000003
8,251.24624599999999,253.588593,506.38003499999996
9,253.623627,260.850861,521.030029
10,262.912903,267.96795699999996,532.4400019999999
11,267.017029,269.524536,535.3599849999999
12,270.770782,275.61560099999997,546.600037
13,266.74172999999996,269.094086,531.98999
14,264.35434,268.25827000000004,527.280029
15,264.34432999999996,269.97997999999995,534.01001
16,268.768768,272.272278,538.26001
17,269.829834,271.271271,528.9400019999999
18,299.049042,300.425415,597.619995
19,296.541534,301.326324,594.9400019999999
20,298.368378,302.64263900000003,602.549988
21,301.391388,301.716705,595.349976
22,297.312317,304.33432,606.98999
23,302.99798599999997,310.06005899999997,618.230042
24,306.987,313.01800499999996,618.980042
25,309.33432,314.064056,622.52002
26,308.89889500000004,310.785797,607.219971
27,302.89788799999997,308.29830899999996,610.9400019999999
28,302.417419,307.787781,603.6900019999999
29,305.915924,308.058044,606.77002
30,303.303314,305.14013700000004,592.400024
31,297.432434,301.801788,601.1700440000001
32,297.547546,299.724731,577.52002
33,291.561554,295.29528799999997,579.040039
34,281.771759,284.78479,546.02002
35,280.780792,287.59259,573.410034
36,280.970978,282.342346,549.01001
37,277.18719500000003,284.534546,562.130005
38,285.035034,285.535522,563.77002
39,276.992004,282.777771,557.22998
40,276.491486,276.49649,539.0
41,270.285278,272.117126,533.149963
42,261.997009,262.707703,504.880005
43,249.919922,257.692688,490.920013
44,252.252258,253.75375400000001,498.170013
45,252.001999,260.965973,518.820007
46,259.924927,265.26525899999996,523.290039
47,265.455444,268.9039,520.039978
48,260.25524900000005,265.490479,526.8599849999999
49,267.547546,269.994995,539.080017
50,269.364349,271.766754,540.6999509999999
51,272.64263900000003,273.423431,540.960022
52,270.64566,272.18719500000003,532.5
53,262.497498,264.22421299999996,524.840027
54,255.65565499999997,261.64163199999996,522.179993
55,265.490479,268.238251,534.030029
56,267.167175,269.81982400000004,534.960022
57,265.965973,267.59259,524.849976
58,259.239227,266.261261,530.119995
59,266.26626600000003,267.207214,529.52002
60,266.561554,268.743744,532.070007
61,268.01800499999996,272.762756,542.5599980000001
62,272.67266800000004,273.693695,546.679993
63,270.44543500000003,275.22522000000004,546.6700440000001
64,274.97497599999997,279.53955099999996,546.630005
65,274.11911000000003,277.777771,539.200012
66,263.388397,264.65466299999997,520.659973
67,258.538544,263.47348,525.51001
68,263.888885,266.73172,531.8900150000001
69,269.369354,273.798798,539.340027
70,271.021027,272.282288,528.840027
71,268.2883,268.91891499999997,527.5
72,260.365356,262.262268,515.039978
73,255.180176,256.256256,495.52002000000005
74,245.260254,251.97197000000003,501.89999400000005
75,248.423416,254.15416000000002,504.700012
76,254.003998,257.872864,514.710022
77,258.673676,260.510498,515.119995
78,262.852844,269.003998,537.169983
79,266.997009,273.673676,543.179993
80,274.339325,277.892883,548.5
81,275.290283,279.779785,558.98999
82,300.035034,300.100098,591.679993
83,292.152161,296.211212,582.409973
84,290.38537599999995,296.576569,590.51001
85,293.963959,296.326324,580.700012
86,291.241241,294.73974599999997,583.6700440000001
87,295.050049,296.671661,590.48999
88,293.653656,300.285278,596.4200440000001
89,296.846832,297.797791,583.159973
90,295.070068,295.38537599999995,586.3099980000001
91,299.509521,301.651642,598.6700440000001
92,297.55755600000003,301.45144700000003,600.1400150000001
93,297.842834,300.14514199999996,592.6400150000001
94,290.340332,293.048035,578.650024
95,292.74273700000003,294.27426099999997,584.820007
96,293.793793,299.049042,597.5
97,297.047058,300.170166,596.1400150000001
98,296.95697,304.694702,608.330017
99,304.80481000000003,307.492493,612.340027
100,302.432434,305.0,600.950012
101,303.26828,303.27828999999997,595.080017
102,300.950958,306.351349,608.350037
103,304.30429100000003,309.349335,613.0
104,306.706696,309.349335,616.5599980000001
105,306.346344,309.459473,611.4700320000001
106,305.330322,306.45144700000003,600.870056
107,301.3013,302.552551,594.880005
108,294.174164,294.544556,580.9400019999999
109,290.290283,292.777771,580.0
110,287.96295200000003,290.41540499999996,570.1099849999999
111,282.877869,287.42242400000003,563.0
112,289.97497599999997,294.70471200000003,588.190063
113,294.23422200000005,295.475464,582.929993
114,299.27426099999997,300.055054,599.3900150000001
115,300.300293,308.308319,613.77002
116,308.833832,312.312317,620.3599849999999
117,314.134125,316.26626600000003,625.650024
118,311.806793,314.62463399999996,623.77002
119,311.151154,313.143158,623.3900150000001
120,310.830841,314.03903199999996,616.0500490000001
121,309.309296,314.879883,627.419983
122,311.25125099999997,313.403412,625.389954
123,314.694702,318.598602,625.630066
124,311.236237,312.472473,618.070007
125,311.571564,312.312317,619.539978
126,312.472473,314.97497599999997,625.960022
127,314.319305,314.564575,621.830017
128,314.314301,316.236237,630.369995
129,315.320313,316.226227,625.820007
130,314.289276,316.18118300000003,629.700012
131,316.316315,317.657654,633.1400150000001
132,316.341339,322.567566,640.25
133,321.696686,322.822815,639.700012
134,321.066071,321.82180800000003,642.400024
135,321.331329,323.70370499999996,645.900024
136,326.796783,334.409424,665.409973
137,332.847839,335.46044900000004,668.280029
138,331.396393,332.31732200000005,659.01001
139,329.904907,330.330322,650.02002
140,323.573578,323.823822,622.460022
141,315.190186,317.21722400000004,623.1400150000001
142,312.062073,315.01001,625.960022
143,315.925934,316.761749,629.6400150000001
144,313.443451,313.788788,624.98999
145,316.306305,316.306305,628.580017
146,313.628632,317.31732200000005,632.909973
147,320.81582599999996,320.81582599999996,639.570007
148,295.56054700000004,295.79580699999997,585.990051
149,293.293304,294.62463399999996,585.519958
150,293.453461,294.134125,580.930054
151,289.044037,289.644653,569.48999
152,286.276276,287.527527,568.099976
153,285.67569,290.450439,579.97998
154,289.314301,290.290283,577.6900019999999
155,291.791779,292.292297,580.1099849999999
156,292.762756,293.04303,580.830017
157,292.727722,293.49850499999997,585.1099849999999
158,295.62564100000003,298.833832,596.330017
159,297.802795,305.720734,609.090027
160,303.878876,305.0,606.77002
161,304.62463399999996,305.98098799999997,609.849976
162,306.316315,307.55755600000003,611.460022
163,304.244232,304.369354,605.910034
164,305.555542,307.227234,612.200012
165,306.07608,306.306305,609.76001
166,306.771759,306.771759,605.5599980000001
167,301.7117,304.709717,606.52002
168,302.787781,304.11911000000003,604.6400150000001
169,302.237244,309.249237,614.0
170,306.286285,308.6987,607.9400019999999
171,303.803802,304.27426099999997,606.110046
172,303.978973,306.131134,609.900024
173,303.598602,306.486481,609.3099980000001
174,305.305298,310.19518999999997,618.3900150000001
175,309.609619,313.113098,618.2500610000001
176,311.441437,313.163177,622.400024
177,311.31131,312.312317,621.25
178,310.525513,311.556549,614.25
179,304.329315,304.709717,604.960022
180,304.829834,305.900909,606.799988
181,305.325317,306.056061,607.1400150000001
182,304.279266,306.256256,600.25
183,300.300293,303.803802,605.149963
184,304.679688,309.23422200000005,617.7799679999999
185,307.8078,311.70169100000004,615.990051
186,308.608612,312.062073,621.130005
187,310.755768,313.26828,625.039978
188,311.871857,318.953949,633.980042
189,315.77578700000004,318.348358,633.490051
190,317.62262000000004,324.01901200000003,639.97998
191,319.56958,324.724731,646.0500490000001
192,323.623627,324.574585,642.589966
193,322.822815,325.070068,649.330017
194,323.838837,327.077087,647.02002
195,326.341339,329.62463399999996,655.76001
196,327.047058,328.623627,648.410034
197,326.201202,327.072083,641.240051
198,320.705719,324.074066,646.919983
199,323.028015,324.299286,642.619995
200,319.544556,319.81982400000004,635.149963
201,316.43643199999997,318.533539,632.320007
202,314.55456499999997,317.982971,630.840027
203,317.077087,317.567566,626.8599849999999
204,317.302307,318.318329,635.960022
205,321.49649,326.896912,651.01001
206,324.099091,324.81982400000004,624.599976
207,311.811798,312.21722400000004,606.070007
208,304.58459500000004,309.154144,609.570007
209,304.329315,306.706696,607.450012
210,303.148163,308.438446,599.299988
211,302.427429,304.729736,596.060059
212,296.746735,299.524536,597.599976
213,299.41943399999997,303.618622,601.27002
214,302.302307,305.98098799999997,609.719971
215,305.760773,309.309296,615.469971
216,307.81781,308.67868,614.97998
217,306.801788,308.348358,604.849976
218,302.197205,306.10611,604.429993
219,300.900909,304.359344,607.26001
220,305.115112,307.722717,611.02002
221,303.263275,304.249237,596.9700320000001
222,297.797791,305.590576,607.549988
223,303.068054,308.758759,612.789978
224,303.713715,308.49850499999997,609.150024
225,306.78677400000004,308.403412,613.660034
226,305.48046899999997,307.582581,605.22998
227,300.690704,304.55456499999997,604.0
228,302.97796600000004,307.8078,611.110046
229,309.289276,315.365356,628.929993
230,317.232239,319.244232,623.049988
231,312.862854,316.52652,600.399963
232,300.555542,308.153168,614.1099849999999
233,307.027039,307.212219,600.8000490000001
234,301.126129,305.105103,609.460022
235,304.884888,306.26626600000003,603.660034
236,300.800812,301.166168,591.530029
237,298.203217,299.864868,594.340027
238,294.37435899999997,296.246246,588.230042
239,294.65466299999997,295.29528799999997,580.860046
240,286.18118300000003,286.611603,570.980042
241,285.395386,290.535522,578.590027
242,288.013,289.35434,570.409973
243,288.528534,291.276276,580.570007
244,294.094086,294.239227,578.230042
245,288.21322599999996,290.790802,580.450012
246,292.3974,292.952942,568.5
247,285.170166,285.435425,565.099976
248,281.141144,283.783783,561.090027
249,280.930939,282.81781,559.049988
250,280.450439,282.54254199999997,564.51001
251,281.591583,287.392395,570.850037
252,287.082092,292.432434,581.530029
253,290.19518999999997,290.290283,577.51001
254,290.210205,290.210205,565.209961
255,284.284271,286.026031,571.480042
256,283.948944,284.329315,560.700012
257,281.661652,283.58358799999996,564.679993
258,284.134125,287.282288,569.299988
259,283.233246,283.39840699999996,564.3099980000001
260,287.767761,290.355347,580.070007
261,291.201202,291.791779,580.469971
262,290.29528799999997,294.49951200000004,587.8299559999999
263,294.674683,300.330322,595.9200440000001
264,296.52151499999997,297.057068,585.980042
265,292.767761,294.594604,586.01001
266,295.390381,296.511505,581.700012
267,288.438446,289.214203,571.1900019999999
268,283.843842,286.25125099999997,570.47998
269,286.361359,289.864868,576.52002
270,288.47348,289.884888,574.919983
271,289.50451699999996,290.62564100000003,576.730042
272,288.778778,292.137146,580.76001
273,293.363373,299.53955099999996,593.0599980000001
274,304.684692,306.776764,610.820007
275,300.540527,309.48449700000003,615.51001
276,307.8078,309.27426099999997,607.570007
277,304.464478,306.997009,607.98999
278,307.8078,308.743744,613.360046
279,309.754761,317.81781,634.960022
280,318.343353,321.62161299999997,632.299988
281,314.444458,318.568573,632.969971
282,318.968964,320.075073,632.679993
283,313.068054,319.33432,628.75
284,320.320313,322.18219,641.330017
285,320.12512200000003,325.015015,642.820007
286,321.216217,322.452454,640.539978
287,319.844849,323.25827000000004,642.22998
288,322.57757599999997,323.508514,642.349976
289,319.61462400000005,321.441437,642.0
290,324.034027,330.405396,660.01001
291,329.954956,336.761749,668.660034
292,335.475464,337.462463,667.539978
293,334.089081,337.657654,672.869995
294,337.3974,338.963959,677.1400150000001
295,338.088074,339.77477999999996,675.539978
296,336.891907,339.339325,669.51001
297,334.024017,340.640656,677.179993
298,337.472473,340.58056600000003,676.799988
299,338.138153,340.565552,678.630005
300,331.826813,336.33633399999997,669.2200320000001
301,332.832825,339.149139,677.25
302,339.024017,344.83984399999997,688.01001
303,342.462463,344.03903199999996,681.679993
304,342.342346,344.634644,685.089966
305,342.617615,342.842834,681.040039
306,340.340332,343.59359700000005,680.7200320000001
307,343.323334,350.29528799999997,699.400024
308,350.350342,356.481476,706.150024
309,355.235229,356.761749,700.77002
310,349.329315,350.67569,692.1900019999999
311,345.050049,347.802795,690.880005
312,346.891907,354.85485800000004,706.040039
313,355.155151,356.856842,709.679993
314,354.409424,356.796783,709.97998
315,354.244232,359.689697,718.280029
316,359.1091,364.644653,727.5
317,362.597595,366.056061,728.120056
318,366.471466,367.82782000000003,733.98999
319,365.865875,375.395386,749.380005
320,376.90191699999997,382.82782000000003,749.160034
321,375.300293,381.00100699999996,753.460022
322,380.355347,381.801788,756.5
323,377.452454,380.030029,754.5
324,379.904907,382.882874,761.780029
325,382.982971,383.37838700000003,756.98999
326,378.238251,382.342346,762.5
327,381.75674399999997,385.330322,768.0500490000001
328,385.740753,387.57757599999997,767.649963
329,380.88088999999997,382.17217999999997,757.839966
330,380.21521,381.041046,744.090027
331,371.3013,374.13912999999997,744.5599980000001
332,376.826813,379.629639,751.480042
333,376.3013,377.81280499999997,744.75
334,371.341339,372.287292,740.980042
335,370.435425,373.868866,744.700012
336,372.347351,378.54855299999997,755.48999
337,378.148163,380.090088,695.0
338,353.143158,353.70370499999996,681.790039
339,340.845856,342.657654,678.6700440000001
340,336.341339,344.009003,680.349976
341,343.743744,343.843842,677.299988
342,340.340332,341.341339,677.76001
343,338.588593,341.856842,675.149963
344,340.270264,340.840851,680.299988
345,340.090088,345.79580699999997,687.589966
346,347.74273700000003,348.123108,687.919983
347,342.59259,343.773773,682.959961
348,343.08306899999997,343.59359700000005,681.7200320000001
349,337.83783,339.454468,667.119995
350,335.435425,336.08108500000003,652.289978
351,327.652649,334.50451699999996,663.0299679999999
352,332.207214,335.235229,665.900024
353,331.831818,334.134125,659.049988
354,330.660675,331.421417,652.549988
355,325.325317,330.330322,647.26001
356,323.318329,326.836823,647.179993
357,328.17819199999997,334.7948,668.210022
358,335.090088,339.339325,669.969971
359,334.829834,335.235229,665.870056
360,335.320313,335.335327,667.969971
361,333.553558,333.833832,661.150024
362,330.41540499999996,337.83783,670.710022
363,334.339325,342.797791,683.6700440000001
364,344.23422200000005,347.297302,691.8900150000001
365,346.00100699999996,349.95996099999996,698.370056
366,351.471466,353.29830899999996,695.25
367,347.847839,348.103088,691.030029
368,346.421417,347.597595,687.820007
369,344.13912999999997,348.153168,691.130005
370,347.847839,348.788788,684.210022
371,343.038025,346.171173,685.419983
372,345.34533700000003,351.31131,696.880005
373,349.964966,352.107117,697.5599980000001
374,358.318329,358.59359700000005,702.700012
375,349.934937,354.264252,701.960022
376,353.103088,361.32132,720.780029
377,358.658661,364.914917,721.070007
378,360.715729,361.861847,720.1099849999999
379,361.992004,362.687683,722.3599849999999
380,357.342346,359.769775,715.630066
381,357.61261,357.947937,709.5
382,354.389404,356.796783,708.869995
383,353.92392,354.77477999999996,706.290039
384,351.196198,353.808807,700.01001
385,350.350342,355.640656,707.380005
386,360.070068,363.863861,723.2500610000001
387,362.82782000000003,366.331329,723.6700440000001
388,365.035034,371.10611,737.969971
389,368.093079,370.06005899999997,734.75
390,368.138153,368.518524,733.3000490000001
391,366.50149500000003,369.544556,738.120056
392,371.78677400000004,372.872864,741.480042
393,371.371368,371.586578,739.98999
394,368.868866,371.471466,723.2500610000001
395,360.02502400000003,367.867859,724.929993
396,361.561554,362.532532,715.1900019999999
397,359.214203,360.18017599999996,711.320007
398,355.535522,356.74172999999996,704.51001
399,352.68267799999995,353.02301,702.869995
400,368.363373,374.87487799999997,741.5
401,370.990997,378.793793,754.210022
402,375.760773,379.61962900000003,753.6700440000001
403,376.256256,378.17819199999997,750.730042
404,373.74874900000003,378.85385099999996,753.680054
405,377.247253,380.855865,753.830017
406,375.630646,379.18917799999997,755.690063
407,379.479492,388.68869,775.600037
408,384.229218,385.62060499999995,759.02002
409,380.945953,385.940948,765.740051
410,379.914917,386.866852,770.169983
411,385.235229,389.7948,773.950012
412,390.455444,393.728729,785.369995
413,389.5896,391.891907,782.419983
414,391.26626600000003,394.34432999999996,780.700012
415,390.455444,393.068054,782.8599849999999
416,390.25524900000005,394.764771,787.820007
417,394.094086,397.027039,792.889954
418,398.393402,403.9039,806.850037
419,403.05304,404.88989300000003,792.460022
420,399.39941400000004,403.128143,795.530029
421,400.030029,401.026031,799.710022
422,401.551544,404.609619,790.77002
423,397.89788799999997,398.373383,790.130005
424,397.797791,402.777771,799.7799679999999
425,400.950958,403.89889500000004,801.200012
426,399.299286,403.973969,806.1900019999999
427,403.05304,411.831818,821.5
428,414.879883,420.49548300000004,838.600037
429,420.93594400000006,422.42242400000003,831.380005
430,417.447449,418.728729,832.599976
431,417.667664,417.877869,831.52002
432,416.261261,420.27026399999994,834.820007
433,415.770782,416.361359,827.6099849999999
434,414.364349,415.760773,825.3099980000001
435,413.908905,413.908905,821.540039
436,409.659668,410.56054700000004,814.299988
437,402.902893,406.78677400000004,807.789978
438,406.026031,410.035034,811.320007
439,408.823822,409.164154,814.710022
440,406.051056,408.868866,811.26001
441,407.777771,408.028015,810.3099980000001
442,406.611603,410.02502400000003,809.6400150000001
443,407.157166,407.40741,812.419983
444,403.743744,403.9039,802.659973
445,402.3974,403.088074,794.1900019999999
446,397.902893,401.52652,801.1900019999999
447,402.67266800000004,407.822815,813.040039
448,407.137146,407.507507,806.200012
449,402.527527,403.27828999999997,795.070007
450,393.423431,393.888885,783.0500490000001
451,389.764771,390.165161,774.849976
452,388.138153,392.267273,777.649963
453,391.851837,396.571564,790.179993
454,396.836823,396.94696,790.389954
455,396.391388,396.446442,790.049988
456,393.368378,398.89889500000004,781.929993
457,393.68869,398.39840699999996,793.370056
458,393.768768,395.81582599999996,782.5599980000001
459,393.068054,393.293304,765.910034
460,384.964966,402.122131,799.869995
461,400.700714,402.382385,800.1099849999999
462,400.900909,408.158173,807.899963
463,404.459473,409.409424,813.450012
464,408.533539,408.643646,809.100037
465,404.20419300000003,404.27426099999997,801.4200440000001
466,402.027039,411.761749,819.0599980000001
467,409.909912,414.23422200000005,824.570007
468,412.04205299999995,412.772766,820.430054
469,410.46044900000004,417.692688,829.6099849999999
470,418.89889500000004,423.82382199999995,845.7200320000001
471,424.554565,431.356354,861.5499880000001
472,431.93695099999997,432.367371,857.2299800000001
473,428.928925,437.37737999999996,873.6300050000001
474,435.85586500000005,440.27026399999994,871.480042
475,438.093079,440.710724,880.2299800000001
476,439.884888,441.676666,877.5299679999999
477,439.189178,444.789795,887.099976
478,448.198212,458.648651,915.8900150000001
479,459.959961,460.45043899999996,903.8699949999999
480,455.465454,457.202209,909.179993
481,452.952942,460.76077300000003,908.5300289999999
482,454.46447800000004,456.28628499999996,906.9700320000001
483,451.73172,455.110107,889.419983
484,438.93893399999996,445.42541500000004,882.7899779999999
485,438.068054,439.849854,873.320007
486,442.1922,446.51651,881.2700199999999
487,438.293304,439.43444800000003,868.310059
488,435.39538600000003,439.889893,870.76001
489,434.49450700000006,438.93893399999996,871.2200320000001
490,436.93695099999997,437.42242400000003,867.6300050000001
491,434.359344,435.73074299999996,859.1000369999999
492,431.686676,435.160156,859.7000119999999
493,432.58258099999995,433.59860199999997,864.6400150000001
494,435.64565999999996,440.44043,879.7299800000001
495,441.491486,445.94595300000003,890.2199710000001
496,442.427429,443.94393899999994,879.8099980000001
497,443.173187,443.443451,871.9799800000001
498,434.92492699999997,440.27026399999994,877.0
499,440.490479,442.79278600000004,875.0399779999999
500,440.055054,445.160156,886.25
501,444.769775,450.950958,900.6200560000001
502,451.13613899999996,455.875885,900.6800539999999
503,447.442444,450.950958,884.73999
504,444.61462400000005,445.38537599999995,880.9300539999999
505,436.37637300000006,438.59860199999997,869.7899779999999
506,439.06906100000003,440.280273,866.2000119999999
507,437.312317,439.439453,873.650024
508,439.839844,442.78778099999994,877.070007
509,437.887878,441.361359,880.3700560000001
510,443.668671,446.48648099999997,887.880066
511,445.54553200000004,445.94595300000003,882.3099980000001
512,440.39038099999993,445.030029,886.429993
513,445.45043899999996,448.153168,893.490051
514,450.055054,453.58859299999995,905.089966
515,455.955963,456.931946,905.23999
516,452.17718499999995,456.02603099999993,905.990051
517,456.95697,460.865875,920.23999
518,460.46044900000004,461.961975,923.000061
519,462.61260999999996,464.46447800000004,924.6900019999999
520,464.029022,464.449463,919.6099849999999
521,460.960968,463.89389000000006,918.5500490000001
522,459.954956,460.46044900000004,910.6800539999999
523,443.74874900000003,451.926941,896.6000369999999
524,451.451447,456.791779,910.7000119999999
525,455.805817,456.95697,903.8000490000001
526,454.084076,455.605591,902.900024
527,447.38238499999994,448.873871,887.7000119999999
528,443.93893399999996,445.44043,885.349976
529,442.892883,447.85784900000004,882.2700199999999
530,443.173187,448.25326500000006,890.920044
531,446.94195599999995,448.70370499999996,887.75
532,447.947937,452.72772199999997,904.2200320000001
533,452.17217999999997,453.953949,906.570007
534,453.148163,453.21322599999996,905.0
535,452.797791,455.31030300000003,896.570007
536,447.967957,449.674683,890.650024
537,448.19320700000003,448.368378,892.659973
538,445.725739,448.208221,890.410034
539,443.89389000000006,443.94393899999994,885.51001
540,443.85885599999995,444.69470199999995,881.25
541,439.62463399999996,440.555542,869.8099980000001
542,432.652649,432.892883,859.659973
543,431.071075,431.651642,856.910034
544,429.284271,436.436432,865.650024
545,434.60961900000007,436.491486,865.420044
546,435.76077300000003,438.89389000000006,869.330017
547,436.78677400000004,437.81280499999997,873.7100220000001
548,439.35434000000004,439.439453,870.2099609999999
549,435.435425,437.887878,866.3900150000001
550,430.240234,432.29730199999995,850.1499630000001
551,425.550537,428.13314800000006,848.5500490000001
552,424.959961,430.62060499999995,855.4300539999999
553,428.30831900000004,429.449463,846.900024
554,427.607605,433.528534,860.3800050000001
555,430.605591,437.18719500000003,871.6300050000001
556,437.18719500000003,440.38037099999997,879.5599980000001
557,441.66165199999995,442.33233600000005,879.580017
558,442.307312,445.320313,888.0500490000001
559,445.45544400000006,446.446442,888.670044
560,444.714722,448.933929,896.1900019999999
561,449.149139,449.399414,893.060059
562,447.69769299999996,448.2883,889.070007
563,448.548553,448.94894400000004,887.76001
564,444.149139,444.639648,886.1100460000001
565,443.61862199999996,452.437439,903.320007
566,453.44845599999996,453.44845599999996,898.3900150000001
567,449.644653,452.517517,903.1100460000001
568,448.523529,451.246246,886.5
569,443.693695,445.49548300000004,886.840027
570,443.718719,443.718719,877.2299800000001
571,439.5896,441.81680300000005,878.170044
572,437.84783899999996,439.199188,876.3900150000001
573,434.97497599999997,440.86087000000003,875.910034
574,440.56555199999997,444.279266,887.0
575,441.80679299999997,445.125122,887.990051
576,444.444458,447.49749800000006,876.090027
577,437.93792699999995,439.194183,872.349976
578,434.159149,437.432434,865.740051
579,433.093079,433.42343099999994,853.670044
580,428.5685730000001,431.756744,855.8600460000001
581,432.352356,434.849854,868.240051
582,433.44845599999996,437.17718499999995,871.98999
583,433.763763,438.563568,876.1100460000001
584,438.318329,443.25827000000004,882.01001
585,443.37838700000003,449.61462400000005,898.0300289999999
586,446.94195599999995,448.89889500000004,888.7900390000001
587,488.77877800000005,508.238251,1011.410034
588,506.236237,510.01000999999997,1003.3000490000001
589,503.002991,507.007019,1007.0
590,501.001007,517.892883,1031.4099119999998
591,516.451477,520.805786,1025.549927
592,514.9249269999999,514.9249269999999,1015.2000119999999
593,508.108093,512.227234,1015.0
594,510.06005899999997,518.989014,1036.23999
595,519.2342530000001,519.274292,1030.419922
596,514.97998,521.2813110000001,1030.579956
597,516.411438,518.518494,1027.040039
598,516.266296,516.701721,1026.109985
599,510.685699,516.34137,1021.5200199999999
600,513.3132929999999,514.014038,1022.750061
601,511.81680300000005,512.477478,1007.9500119999999
602,504.879883,509.759766,1016.0300289999999
603,505.26025400000003,508.47348,1010.590027
604,504.35434000000004,509.289276,1011.7800289999999
605,503.878876,516.941956,1032.470093
606,517.477478,520.395386,1035.22998
607,517.952942,519.5195309999999,1033.560059
608,518.393372,524.894897,1031.550049
609,516.376404,517.892883,1025.199951
610,515.490479,517.1972049999999,1022.3099980000001
611,514.014038,519.674683,1034.070068
612,517.227234,518.603577,1031.890015
613,519.099121,527.122131,1045.929932
614,524.824829,531.2813110000001,1058.410034
615,531.54657,534.534546,1063.109985
616,531.611633,533.8438719999999,1059.589966
617,532.287292,533.708679,1054.47998
618,526.0009769999999,532.252258,1053.26001
619,526.211182,532.522522,1058.180054
620,529.12915,530.3603519999999,1057.3400880000002
621,535.43042,535.535522,1069.869995
622,536.0310059999999,541.696716,1078.140015
623,538.613586,546.701721,1084.660034
624,544.2442629999999,546.2061769999999,1077.290039
625,540.325317,542.012024,1069.959961
626,538.2382200000001,538.6836549999999,1060.789917
627,532.5325320000001,537.882874,1072.97998
628,536.94696,540.9208980000001,1069.859985
629,536.461487,543.018005,1084.75
630,540.9259030000001,546.541565,1086.219971
631,544.694702,551.136108,1100.619995
632,554.4744870000001,558.458435,1115.099976
633,558.0430299999999,558.178162,1111.8400880000002
634,557.5625610000001,560.060059,1117.460083
635,560.5605469999999,560.700684,1118.400024
636,560.730713,560.810791,1109.459961
637,556.676697,561.061035,1120.709961
638,558.288269,559.4344480000001,1113.119995
639,558.058044,559.024048,1105.0
640,557.062073,559.98999,1117.320068
641,563.063049,570.415405,1138.859985
642,573.573547,574.2342530000001,1141.22998
643,572.292297,572.682678,1130.23999
644,570.1101070000001,570.1101070000001,1130.179932
645,563.7988280000001,574.029053,1122.97998
646,569.544556,576.07605,1149.400024
647,577.072083,578.0780639999999,1148.619995
648,575.1251219999999,579.544556,1156.219971
649,579.0040280000001,580.895874,1150.530029
650,581.046021,582.582581,1163.700073
651,583.888916,584.529541,1165.02002
652,580.580566,581.8268429999999,1160.099976
653,576.081055,577.352356,1123.829956
654,563.613586,563.813843,1101.22998
655,555.7156980000001,563.438416,1123.01001
656,560.1201169999999,561.436462,1106.920044
657,573.073059,576.821838,1135.390015
658,586.261292,593.863892,1180.969971
659,590.190186,591.451477,1133.430054
660,569.564575,578.0780639999999,1138.160034
661,572.262268,575.9609379999999,1143.200073
662,576.141113,580.660645,1159.959961
663,584.399414,589.539551,1177.440063
664,586.4865110000001,591.791809,1172.930054
665,590.675659,596.531555,1190.179932
666,595.095093,595.5955809999999,1186.690063
667,590.965942,600.550537,1199.900024
668,598.403381,602.797791,1202.800049
669,601.306335,607.042053,1210.880005
670,603.253235,605.21521,1202.3400880000002
671,602.17218,604.049072,1204.109985
672,604.509521,605.540527,1203.790039
673,603.2832639999999,610.6906740000001,1212.51001
674,608.578552,612.862854,1220.0
675,612.61261,615.055054,1220.169922
676,609.80481,612.727722,1219.209961
677,610.780762,612.707703,1215.650024
678,603.979004,604.524536,1202.690063
679,608.1080929999999,608.6085820000001,1214.910034
680,608.133118,612.152161,1218.26001
681,611.75177,613.6886599999999,1219.609985
682,614.014038,614.1091309999999,1214.790039
683,608.45343,609.429443,1211.570068
684,607.492493,607.7677610000001,1199.98999
685,598.7988280000001,604.529541,1207.300049
686,604.57959,605.855835,1189.060059
687,591.586609,596.0310059999999,1172.800049
688,590.21521,599.134155,1192.1000980000001
689,597.932922,606.371399,1211.26001
690,606.506531,606.601624,1199.25
691,600.575562,605.4104,1197.160034
692,603.758789,605.42041,1183.040039
693,592.687683,593.0430299999999,1157.930054
694,583.583557,585.505493,1158.719971
695,581.586609,586.371399,1131.970093
696,565.990967,566.53656,1114.280029
697,560.060059,567.1621700000001,1120.150024
698,565.7657469999999,568.068054,1114.51001
699,560.695679,569.319336,1134.890015
700,571.5215450000001,572.972961,1135.099976
701,573.3900150000001,588.299988,571.5
702,578.549988,579.719971,545.25
703,544.789978,549.849976,540.630005
704,545.049988,559.880005,557.51001
705,565.840027,567.799988,567.039978
706,568.0,568.210022,546.6900019999999
707,537.9400019999999,547.590027,537.76001
708,543.659973,553.02002,545.200012
709,551.0,552.8900150000001,548.700012
710,557.700012,564.0,563.900024
711,556.320007,557.0,543.340027
712,544.0,544.0,539.369995
713,536.0,548.0,545.5
714,543.669983,544.799988,537.51001
715,541.6900019999999,542.5,534.4400019999999
716,532.26001,533.8599849999999,523.099976
717,525.799988,525.900024,522.97998
718,523.8900150000001,537.76001,536.330017
719,535.119995,536.340027,534.880005
720,534.25,539.909973,538.530029
721,541.4400019999999,542.400024,533.869995
722,530.23999,535.719971,535.330017
723,533.409973,534.549988,522.570007
724,523.25,524.429993,518.0
725,515.719971,527.349976,520.169983
726,518.650024,527.349976,526.619995
727,531.840027,538.75,538.429993
728,539.580017,543.98999,541.539978
729,541.820007,541.820007,534.409973
730,533.1400150000001,534.0,529.119995
731,529.599976,530.840027,528.299988
732,528.880005,539.349976,538.830017
733,540.0,546.349976,540.3900150000001
734,542.900024,549.75,549.700012
735,552.200012,557.960022,555.450012
736,558.130005,565.0,563.799988
737,567.780029,574.869995,574.869995
738,574.570007,577.659973,570.450012
739,573.3900150000001,573.47998,570.5599980000001
740,571.6400150000001,572.580017,571.650024
741,569.75,570.409973,564.340027
742,560.900024,562.400024,554.51001
743,551.52002,558.580017,553.76001
744,557.1099849999999,565.0,564.929993
745,568.159973,568.799988,566.030029
746,566.75,572.0,570.72998
747,568.780029,572.0,568.299988
748,565.919983,568.969971,567.5
749,567.0,567.0,559.5
750,560.080017,560.650024,560.349976
751,557.25,557.98999,552.299988
752,552.3599849999999,553.73999,550.619995
753,552.799988,561.400024,560.659973
754,561.150024,565.0,564.98999
755,566.450012,566.77002,566.52002
756,564.349976,574.4400019999999,574.289978
757,574.219971,582.25,572.539978
758,573.549988,587.299988,585.929993
759,589.299988,589.599976,584.77002
760,585.450012,587.880005,585.6900019999999
761,586.76001,587.710022,584.669983
762,587.650024,593.659973,591.48999
763,592.26001,594.150024,590.780029
764,591.700012,594.25,593.080017
765,593.51001,595.650024,590.76001
766,586.369995,587.969971,578.400024
767,578.950012,584.099976,583.3599849999999
768,573.0,585.25,580.039978
769,581.0,588.22998,586.650024
770,590.599976,594.8599849999999,594.26001
771,595.150024,595.299988,593.0599980000001
772,596.8900150000001,597.0,590.619995
773,588.969971,589.5,580.820007
774,603.01001,606.700012,605.1099849999999
775,601.349976,604.159973,598.4400019999999
776,599.700012,608.8900150000001,603.570007
777,602.049988,607.049988,605.1900019999999
778,605.530029,608.909973,603.01001
779,599.25,601.0,598.080017
780,597.75,601.099976,599.02002
781,597.700012,598.48999,593.950012
782,595.8099980000001,598.450012,595.4400019999999
783,588.960022,591.98999,579.549988
784,578.549988,583.429993,573.599976
785,576.51001,583.820007,582.27002
786,579.380005,580.200012,573.1400150000001
787,569.5,578.6400150000001,574.48999
788,576.049988,578.3099980000001,571.8099980000001
789,572.02002,579.5599980000001,577.9400019999999
790,579.0,579.6900019999999,577.25
791,575.0,575.900024,572.119995
792,576.450012,586.130005,584.5599980000001
793,586.6900019999999,587.799988,584.650024
794,587.5,589.469971,583.710022
795,587.099976,595.049988,592.700012
796,595.590027,597.8099980000001,597.1099849999999
797,596.950012,596.98999,595.409973
798,594.900024,595.25,592.419983
799,593.27002,594.98999,592.539978
800,594.77002,595.580017,590.570007
801,592.0,592.049988,588.119995
802,587.8099980000001,589.369995,583.0
803,580.02002,584.710022,580.320007
804,582.349976,582.900024,582.3599849999999
805,582.950012,589.299988,588.630005
806,591.72998,594.48999,589.52002
807,592.130005,598.0,593.1400150000001
808,595.130005,598.5,597.780029
809,599.1400150000001,603.52002,601.630005
810,600.27002,600.599976,591.969971
811,591.73999,593.719971,593.419983
812,590.0,591.950012,591.1099849999999
813,590.3900150000001,591.47998,584.900024
814,582.23999,583.919983,581.6400150000001
815,580.950012,590.150024,588.780029
816,589.51001,596.070007,593.289978
817,595.049988,597.5599980000001,597.27002
818,599.48999,605.400024,605.400024
819,602.5,603.799988,597.27002
820,595.0,596.650024,591.179993
821,591.570007,600.1099849999999,598.419983
822,596.98999,598.070007,585.25
823,585.929993,589.570007,587.900024
824,581.830017,589.3099980000001,587.8099980000001
825,587.48999,591.0,588.409973
826,586.799988,588.719971,579.630005
827,578.0,583.23999,580.880005
828,584.099976,588.289978,586.25
829,589.950012,592.400024,587.780029
830,584.900024,585.849976,574.099976
831,574.789978,584.6900019999999,583.73999
832,581.6099849999999,582.530029,570.8099980000001
833,567.469971,575.22998,555.1900019999999
834,555.130005,560.880005,544.75
835,550.1400150000001,558.630005,548.6900019999999
836,542.080017,543.919983,540.72998
837,527.0,540.98999,536.919983
838,540.450012,543.450012,522.969971
839,520.450012,533.159973,532.380005
840,537.27002,538.77002,538.030029
841,541.049988,550.76001,542.6900019999999
842,548.280029,557.400024,553.650024
843,554.97998,555.0,548.900024
844,547.76001,554.0,549.880005
845,551.710022,559.200012,558.9400019999999
846,560.849976,564.969971,558.450012
847,558.25,562.5,560.27002
848,568.299988,568.72998,567.869995
849,563.530029,567.150024,563.77002
850,561.159973,564.789978,564.1900019999999
851,566.789978,566.900024,555.950012
852,555.5,556.799988,551.6900019999999
853,555.599976,555.599976,551.820007
854,552.400024,560.630005,558.22998
855,558.52002,562.5,561.289978
856,561.150024,561.25,558.25
857,560.8099980000001,560.820007,556.4400019999999
858,558.0,558.0,555.1900019999999
859,555.1900019999999,555.1900019999999,546.6400150000001
860,547.929993,552.789978,544.51001
861,544.75,548.219971,547.200012
862,542.090027,545.380005,543.76001
863,551.039978,551.039978,545.8900150000001
864,546.570007,551.1900019999999,547.47998
865,547.210022,552.5,549.22998
866,549.22998,549.880005,547.72998
867,547.0,549.599976,549.080017
868,545.090027,548.789978,539.650024
869,539.450012,541.849976,538.590027
870,537.5,541.409973,536.969971
871,537.6400150000001,542.6900019999999,542.580017
872,536.700012,538.200012,528.080017
873,529.219971,533.820007,530.72998
874,525.880005,536.650024,536.1099849999999
875,535.900024,539.3599849999999,528.039978
876,530.01001,537.039978,532.1099849999999
877,527.4400019999999,532.23999,521.51001
878,523.76001,525.369995,515.840027
879,513.599976,515.580017,498.160004
880,499.85998499999994,509.07000700000003,506.450012
881,515.98999,516.25,514.619995
882,516.98999,520.8099980000001,520.039978
883,520.6099849999999,532.969971,532.299988
884,534.51001,542.299988,538.77002
885,538.820007,540.289978,536.929993
886,536.929993,543.25,541.52002
887,540.5,543.929993,537.3099980000001
888,534.960022,537.840027,535.280029
889,537.73999,538.400024,530.659973
890,532.599976,535.799988,529.549988
891,527.150024,527.98999,519.460022
892,520.5,521.210022,506.64001500000006
893,510.950012,511.48999000000003,505.14999400000005
894,501.51000999999997,507.5,506.910004
895,508.17999299999997,508.60000599999995,500.72000099999997
896,499.23999000000003,500.27999900000003,497.05999800000006
897,502.57000700000003,508.60000599999995,501.799988
898,500.420013,508.26000999999997,505.92999299999997
899,508.89001500000006,509.75,504.01000999999997
900,503.14999400000005,510.85000599999995,510.459991
901,512.77002,515.6099849999999,509.94000199999994
902,510.839996,521.849976,520.3900150000001
903,523.0,538.840027,537.299988
904,538.030029,545.409973,541.950012
905,541.5,541.5,536.719971
906,531.400024,532.780029,521.1900019999999
907,525.0,525.6900019999999,512.429993
908,512.900024,515.1900019999999,513.22998
909,519.0,543.099976,537.549988
910,534.320007,536.5,532.200012
911,529.9400019999999,537.450012,533.299988
912,533.1400150000001,536.75,526.099976
913,527.929993,530.6900019999999,529.830017
914,531.01001,540.219971,533.880005
915,531.0599980000001,533.880005,529.280029
916,532.150024,541.0,540.159973
917,539.72998,541.950012,538.0
918,539.659973,548.340027,546.01001
919,547.51001,552.539978,551.159973
920,551.159973,553.0,545.01001
921,543.820007,547.549988,542.650024
922,542.469971,546.8599849999999,546.450012
923,547.580017,547.580017,541.799988
924,539.0,539.299988,535.0
925,531.549988,539.400024,538.650024
926,538.4400019999999,549.570007,547.330017
927,545.73999,560.130005,559.289978
928,558.150024,569.419983,562.630005
929,567.0,575.98999,575.02002
930,576.349976,580.849976,578.789978
931,576.969971,581.630005,578.330017
932,579.619995,583.200012,581.429993
933,582.0,582.780029,572.900024
934,570.919983,575.450012,574.099976
935,568.47998,569.76001,559.849976
936,559.799988,564.179993,555.6900019999999
937,558.47998,561.840027,561.169983
938,559.22998,564.3599849999999,553.0
939,556.929993,563.75,561.6400150000001
940,558.289978,560.6400150000001,557.6099849999999
941,557.72998,566.51001,566.159973
942,564.52002,566.960022,563.669983
943,566.710022,567.099976,564.950012
944,566.0,569.6400150000001,565.369995
945,568.539978,581.880005,577.539978
946,577.570007,580.070007,567.0
947,564.650024,567.1900019999999,563.6400150000001
948,561.830017,564.070007,557.549988
949,560.25,562.159973,561.1400150000001
950,557.9400019999999,562.450012,554.700012
951,554.830017,558.5,549.48999
952,547.409973,548.0,541.3099980000001
953,538.840027,545.539978,543.950012
954,544.98999,550.159973,544.8599849999999
955,546.0,551.5,548.840027
956,549.210022,549.369995,548.02002
957,549.570007,549.849976,548.539978
958,547.049988,553.27002,548.6400150000001
959,546.570007,546.570007,539.780029
960,537.960022,543.1900019999999,541.039978
961,538.349976,545.22998,543.52002
962,537.3099980000001,539.799988,532.73999
963,533.75,545.799988,544.530029
964,546.3099980000001,547.77002,542.919983
965,543.0599980000001,551.0,549.179993
966,550.409973,561.169983,557.460022
967,580.049988,584.700012,573.659973
968,572.77002,575.52002,566.119995
969,564.320007,567.830017,564.369995
970,560.51001,565.840027,561.3900150000001
971,558.5599980000001,561.1099849999999,548.77002
972,550.51001,551.219971,551.159973
973,550.98999,556.6900019999999,552.840027
974,550.159973,552.6099849999999,543.039978
975,542.6400150000001,543.929993,535.080017
976,535.900024,545.200012,542.039978
977,548.869995,552.799988,548.950012
978,548.48999,553.369995,545.780029
979,542.8099980000001,542.960022,538.72998
980,540.469971,543.840027,539.48999
981,543.969971,549.6900019999999,549.200012
982,550.3900150000001,550.599976,546.48999
983,543.820007,548.340027,546.669983
984,548.0,553.400024,549.280029
985,550.919983,556.070007,552.51001
986,550.200012,557.6099849999999,556.8099980000001
987,554.460022,558.23999,554.52002
988,552.580017,553.330017,547.1900019999999
989,548.679993,555.289978,554.25
990,553.789978,555.76001,554.179993
991,553.200012,553.9400019999999,545.320007
992,548.72998,550.570007,549.210022
993,547.429993,558.789978,553.950012
994,555.099976,557.98999,555.289978
995,552.179993,555.960022,551.6900019999999
996,552.0,553.330017,549.530029
997,549.6099849999999,549.869995,543.47998
998,543.419983,544.840027,542.159973
999,545.700012,554.780029,552.599976
1000,554.48999,554.830017,550.039978
1001,547.150024,548.849976,547.469971
1002,542.72998,544.049988,543.0
1003,544.47998,546.6900019999999,544.869995
1004,545.419983,548.3599849999999,546.599976
1005,548.0,557.25,556.179993
1006,556.52002,557.909973,557.52002
1007,559.409973,565.6099849999999,559.679993
1008,559.789978,564.900024,563.3900150000001
1009,562.47998,562.6400150000001,558.570007
1010,560.299988,563.1400150000001,557.950012
1011,559.710022,560.0,553.0599980000001
1012,546.75,550.900024,541.25
1013,545.090027,545.900024,540.039978
1014,543.659973,545.8099980000001,543.299988
1015,544.73999,548.0,547.340027
1016,542.25,548.580017,545.619995
1017,547.429993,551.0,550.030029
1018,545.599976,548.280029,541.700012
1019,548.650024,548.880005,544.650024
1020,553.710022,559.289978,556.1099849999999
1021,559.51001,572.849976,571.72998
1022,574.5,589.710022,584.179993
1023,583.73999,588.6900019999999,583.960022
1024,589.5,604.5,601.780029
1025,680.0,703.0,699.619995
1026,688.97998,697.799988,692.840027
1027,684.880005,705.599976,695.349976
1028,694.02002,713.330017,695.099976
1029,691.849976,696.070007,674.72998
1030,676.77002,677.789978,654.77002
1031,651.570007,667.070007,658.27002
1032,661.76001,664.099976,659.659973
1033,662.26001,663.330017,661.429993
1034,657.4400019999999,668.049988,664.5599980000001
1035,664.700012,665.0,657.5
1036,657.659973,666.669983,664.719971
1037,664.340027,668.0,661.280029
1038,665.75,679.909973,673.289978
1039,673.98999,674.75,670.150024
1040,667.780029,668.799988,664.3900150000001
1041,667.090027,671.619995,663.1400150000001
1042,699.580017,704.0,690.299988
1043,694.48999,696.0,691.469971
1044,689.200012,694.030029,686.51001
1045,684.039978,692.26001,689.369995
1046,688.039978,694.73999,694.1099849999999
1047,691.070007,695.76001,688.72998
1048,690.1099849999999,700.200012,694.039978
1049,689.099976,696.159973,679.47998
1050,671.039978,672.8900150000001,644.030029
1051,600.599976,627.679993,618.1099849999999
1052,646.469971,647.0,612.469971
1053,643.099976,662.47998,659.73999
1054,671.98999,673.97998,667.960022
1055,665.76001,667.0,659.6900019999999
1056,654.340027,664.409973,647.820007
1057,633.8099980000001,644.4400019999999,629.5599980000001
1058,638.0,645.0599980000001,644.909973
1059,647.929993,651.25,637.049988
1060,629.700012,634.5,628.960022
1061,641.0,645.039978,643.880005
1062,651.880005,657.3599849999999,643.409973
1063,643.900024,654.900024,651.080017
1064,650.210022,655.3099980000001,655.299988
1065,655.630005,655.919983,652.469971
1066,656.710022,668.849976,665.070007
1067,665.549988,668.070007,665.52002
1068,667.48999,681.98999,671.669983
1069,665.0599980000001,669.840027,660.919983
1070,665.51001,669.0,666.97998
1071,657.469971,658.820007,653.200012
1072,652.900024,660.280029,653.289978
1073,648.969971,656.77002,654.909973
1074,658.580017,658.580017,640.150024
1075,639.049988,642.849976,624.25
1076,625.5,634.679993,622.6099849999999
1077,631.830017,639.3099980000001,638.369995
1078,637.9400019999999,643.840027,642.0
1079,638.01001,657.0,656.98999
1080,661.599976,673.030029,671.679993
1081,669.349976,678.799988,671.6400150000001
1082,677.400024,678.73999,670.0
1083,669.450012,671.8900150000001,667.0
1084,667.48999,674.090027,671.23999
1085,669.1900019999999,677.97998,676.429993
1086,674.26001,688.460022,683.169983
1087,683.72998,690.039978,680.409973
1088,685.25,694.159973,693.02002
1089,695.400024,696.219971,695.320007
1090,694.0,700.23999,699.950012
1091,697.8900150000001,698.0,680.0
1092,683.210022,684.900024,671.799988
1093,675.4400019999999,688.049988,681.1400150000001
1094,750.0599980000001,752.5,719.330017
1095,720.02002,734.950012,731.119995
1096,726.570007,735.960022,732.820007
1097,733.0,737.369995,736.919983
1098,736.630005,746.789978,744.849976
1099,745.5599980000001,746.3099980000001,737.3900150000001
1100,734.530029,748.179993,747.73999
1101,745.429993,751.700012,748.820007
1102,749.900024,759.900024,755.3099980000001
1103,758.8099980000001,766.349976,760.669983
1104,759.3900150000001,763.02002,761.599976
1105,758.52002,763.299988,754.77002
1106,753.47998,760.599976,758.26001
1107,762.380005,769.080017,765.25
1108,760.179993,765.799988,756.530029
1109,754.039978,755.330017,740.070007
1110,740.210022,751.710022,750.419983
1111,752.469971,754.950012,745.97998
1112,749.570007,761.099976,760.01001
1113,759.780029,763.22998,759.9400019999999
1114,769.299988,779.320007,777.0
1115,777.469971,782.900024,776.700012
1116,772.960022,775.98999,769.630005
1117,771.6900019999999,773.0,769.26001
1118,769.159973,774.0,771.969971
1119,771.869995,775.030029,762.849976
1120,766.9400019999999,785.0,783.789978
1121,785.25,793.049988,777.849976
1122,780.5599980000001,784.47998,768.200012
1123,769.710022,782.419983,779.210022
1124,780.0599980000001,781.0,772.98999
1125,764.5,778.650024,775.1400150000001
1126,771.099976,776.090027,762.549988
1127,763.590027,766.070007,760.039978
1128,749.0,757.4400019999999,750.419983
1129,751.26001,764.150024,762.539978
1130,767.789978,774.75,760.090027
1131,766.570007,781.5,776.590027
1132,781.159973,781.590027,769.830017
1133,767.22998,774.1400150000001,756.849976
1134,763.049988,766.349976,760.799988
1135,764.27002,770.340027,767.130005
1136,770.6900019999999,771.900024,768.51001
1137,768.52002,769.200012,765.840027
1138,770.0,782.820007,782.23999
1139,786.98999,798.6900019999999,793.960022
1140,793.960022,796.460022,790.299988
1141,787.820007,788.330017,778.01001
1142,762.200012,762.200012,759.4400019999999
1143,764.099976,769.200012,761.530029
1144,750.369995,765.72998,759.330017
1145,746.48999,755.3099980000001,741.0
1146,747.799988,750.119995,730.909973
1147,731.950012,735.080017,733.070007
1148,740.75,748.340027,745.340027
1149,749.340027,753.0,719.570007
1150,724.4400019999999,739.8900150000001,731.3900150000001
1151,709.98999,724.159973,710.48999
1152,720.150024,725.349976,719.080017
1153,705.900024,726.950012,718.5599980000001
1154,720.169983,737.669983,726.669983
1155,742.0,748.5599980000001,745.460022
1156,743.840027,752.460022,733.619995
1157,735.210022,739.460022,733.789978
1158,735.8900150000001,735.8900150000001,717.580017
1159,738.1900019999999,751.159973,748.299988
1160,748.960022,765.1099849999999,761.349976
1161,771.26001,777.590027,770.77002
1162,800.5,810.349976,780.909973
1163,786.280029,791.429993,749.380005
1164,744.590027,745.23999,730.030029
1165,725.5,726.719971,703.76001
1166,687.679993,704.52002,704.159973
1167,692.950012,720.960022,701.02002
1168,711.789978,723.219971,706.849976
1169,696.340027,712.320007,706.3599849999999
1170,712.210022,716.0,706.8900150000001
1171,718.650024,722.880005,717.6400150000001
1172,727.0,733.76001,731.969971
1173,733.960022,736.0,717.51001
1174,715.900024,724.030029,722.1099849999999
1175,729.51001,734.849976,729.049988
1176,726.099976,730.900024,717.289978
1177,710.6099849999999,721.219971,720.900024
1178,722.929993,729.51001,729.119995
1179,733.599976,736.159973,724.8599849999999
1180,721.0,730.599976,717.219971
1181,721.299988,742.330017,742.169983
1182,742.869995,743.119995,739.47998
1183,739.47998,741.0,731.590027
1184,734.799988,735.0,730.219971
1185,725.150024,727.210022,712.799988
1186,708.3900150000001,722.25,713.530029
1187,715.169983,726.23999,725.409973
1188,727.789978,736.539978,732.169983
1189,739.950012,744.900024,744.869995
1190,744.969971,754.26001,750.23999
1191,746.02002,753.01001,750.570007
1192,749.049988,759.0,757.3599849999999
1193,757.650024,765.340027,758.47998
1194,761.630005,762.1400150000001,755.409973
1195,753.909973,763.340027,762.159973
1196,758.4400019999999,765.0,760.049988
1197,763.349976,765.3900150000001,757.5599980000001
1198,751.200012,757.5599980000001,754.840027
1199,756.169983,758.299988,753.280029
1200,753.679993,767.179993,765.8900150000001
1201,768.210022,777.3099980000001,768.340027
1202,768.340027,769.080017,762.900024
1203,757.159973,770.039978,769.669983
1204,769.51001,772.4400019999999,765.119995
1205,758.130005,762.869995,758.570007
1206,757.840027,768.419983,768.070007
1207,765.320007,769.3599849999999,760.119995
1208,765.869995,767.130005,759.469971
1209,765.450012,767.219971,757.539978
1210,758.429993,764.919983,764.320007
1211,770.3099980000001,775.75,771.909973
1212,775.3599849999999,779.6099849999999,775.3900150000001
1213,775.5,780.929993,780.0
1214,780.1900019999999,788.549988,787.679993
1215,790.5,790.950012,776.25
1216,779.159973,779.659973,774.919983
1217,777.3099980000001,781.679993,780.0
1218,743.909973,753.919983,737.77002
1219,735.349976,744.880005,742.210022
1220,744.419983,745.590027,725.369995
1221,725.320007,727.150024,721.460022
1222,723.289978,729.26001,705.0599980000001
1223,704.119995,712.1099849999999,707.880005
1224,711.919983,715.409973,714.409973
1225,712.5,713.369995,708.4400019999999
1226,706.77002,715.049988,711.369995
1227,715.0,717.549988,714.710022
1228,712.200012,725.98999,725.179993
1229,726.700012,734.289978,729.130005
1230,734.960022,740.0,739.380005
1231,740.52002,740.799988,730.549988
1232,732.0,735.369995,728.070007
1233,726.619995,731.289978,724.830017
1234,724.320007,732.679993,730.299988
1235,731.0599980000001,735.849976,720.1900019999999
1236,718.5,725.570007,721.780029
1237,718.299988,720.5,715.3099980000001
1238,716.460022,727.700012,721.710022
1239,719.97998,723.5,717.25
1240,719.849976,734.200012,733.030029
1241,735.0,739.8900150000001,738.099976
1242,736.0,741.099976,736.929993
1243,737.51001,747.909973,747.599976
1244,748.76001,753.47998,748.849976
1245,748.469971,751.369995,748.460022
1246,746.099976,747.299988,744.27002
1247,741.48999,741.48999,735.8599849999999
1248,738.5,738.5,730.0599980000001
1249,733.27002,736.710022,731.090027
1250,739.5,743.8099980000001,742.929993
1251,737.070007,743.929993,742.52002
1252,735.950012,739.6400150000001,733.1900019999999
1253,729.820007,739.0,731.880005
1254,729.3099980000001,736.0,733.25
1255,734.919983,737.150024,732.1900019999999
1256,727.960022,730.3900150000001,724.25
1257,721.3900150000001,721.3900150000001,704.25
1258,710.3099980000001,715.869995,706.130005
1259,710.049988,715.380005,708.880005
1260,714.049988,714.210022,710.469971
1261,710.549988,714.880005,714.869995
1262,690.169983,705.0,685.200012
1263,682.48999,683.330017,681.1400150000001
1264,691.369995,692.73999,691.26001
1265,694.26001,699.5,695.1900019999999
1266,697.650024,703.77002,703.530029
1267,705.099976,712.530029,710.25
1268,705.01001,708.119995,704.8900150000001
1269,699.840027,713.0,708.969971
1270,710.1099849999999,710.169983,707.26001
1271,710.5599980000001,717.900024,717.780029
1272,719.419983,728.929993,727.200012
1273,731.919983,735.599976,732.51001
1274,735.52002,735.52002,729.47998
1275,733.9400019999999,736.1400150000001,735.799988
1276,741.0,741.0,735.630005
1277,737.909973,755.1400150000001,753.200012
1278,749.869995,756.590027,753.409973
1279,754.049988,760.6400150000001,757.080017
1280,757.0,758.150024,754.409973
1281,757.320007,759.450012,759.280029
1282,757.679993,759.820007,757.52002
1283,757.52002,759.26001,757.650024
1284,758.969971,764.450012,761.969971
1285,768.840027,768.969971,765.840027
1286,797.710022,803.9400019999999,791.340027
1287,786.669983,807.48999,800.9400019999999
1288,797.330017,802.320007,800.119995
1289,796.469971,799.539978,798.919983
1290,798.23999,800.200012,797.25
1291,800.1099849999999,807.219971,806.929993
1292,806.0,807.599976,805.22998
1293,804.48999,813.330017,807.47998
1294,807.049988,810.880005,808.48999
1295,810.469971,813.880005,808.200012
1296,805.090027,807.1900019999999,807.049988
1297,807.210022,811.3599849999999,805.960022
1298,803.5,804.26001,801.1900019999999
1299,800.0,805.630005,805.419983
1300,805.3599849999999,808.0,802.75
1301,799.789978,801.22998,799.650024
1302,798.51001,799.299988,796.950012
1303,800.47998,801.0,796.590027
1304,796.8599849999999,798.460022,793.599976
1305,792.0,794.719971,791.299988
1306,792.48999,799.400024,793.219971
1307,793.049988,798.52002,795.820007
1308,792.880005,798.0,791.919983
1309,789.599976,791.570007,789.849976
1310,791.97998,792.8900150000001,791.400024
1311,795.27002,797.099976,796.869995
1312,798.3900150000001,810.8900150000001,808.02002
1313,807.929993,810.599976,807.98999
1314,805.219971,808.419983,802.840027
1315,798.77002,801.75,788.47998
1316,784.52002,800.169983,798.820007
1317,794.01001,795.789978,788.719971
1318,787.530029,796.330017,790.460022
1319,790.01001,803.650024,801.22998
1320,799.02002,799.02002,797.969971
1321,801.1099849999999,803.98999,795.3900150000001
1322,800.0,802.75,799.780029
1323,801.26001,805.909973,805.030029
1324,810.0,819.0599980000001,815.950012
1325,815.1400150000001,817.0,814.960022
1326,809.820007,810.080017,802.650024
1327,801.830017,813.48999,810.72998
1328,804.080017,810.25,810.0599980000001
1329,807.22998,813.909973,802.6400150000001
1330,803.599976,808.090027,804.0599980000001
1331,802.549988,803.539978,800.380005
1332,805.0,806.5,802.789978
1333,806.0,808.5,801.22998
1334,804.080017,806.950012,803.080017
1335,805.929993,805.9400019999999,800.710022
1336,803.929993,817.380005,814.169983
1337,814.169983,819.8599849999999,809.570007
1338,811.960022,814.5,811.77002
1339,806.070007,806.5599980000001,804.080017
1340,807.450012,810.090027,804.599976
1341,805.98999,813.48999,806.840027
1342,814.210022,828.8099980000001,821.48999
1343,822.880005,829.799988,826.840027
1344,827.5599980000001,828.469971,821.630005
1345,820.0,824.289978,824.0599980000001
1346,830.090027,837.9400019999999,835.73999
1347,838.5,838.5,828.549988
1348,827.119995,827.710022,822.099976
1349,823.01001,826.580017,817.349976
1350,829.9400019999999,839.0,819.5599980000001
1351,822.429993,822.630005,809.900024
1352,810.869995,813.960022,805.47998
1353,806.76001,806.76001,788.419983
1354,784.5,790.0,782.1900019999999
1355,771.299988,788.47998,781.099976
1356,794.950012,805.0,802.030029
1357,802.030029,816.039978,811.97998
1358,801.830017,811.710022,805.590027
1359,810.0,810.0599980000001,780.289978
1360,776.8099980000001,777.289978,771.75
1361,771.76001,771.780029,753.219971
1362,765.469971,780.23999,775.159973
1363,770.419983,783.5,779.97998
1364,782.5,788.900024,786.159973
1365,787.169983,791.289978,775.969971
1366,778.099976,786.549988,784.799988
1367,788.98999,793.77002,785.0
1368,789.52002,789.52002,779.0
1369,782.6099849999999,782.900024,780.22998
1370,778.349976,799.73999,785.789978
1371,788.380005,796.4400019999999,789.4400019999999
1372,789.099976,791.51001,775.880005
1373,778.549988,778.599976,764.330017
1374,761.900024,770.5,764.460022
1375,770.0,780.0,778.219971
1376,780.1900019999999,785.280029,776.179993
1377,779.950012,792.0,791.469971
1378,792.950012,799.0,795.169983
1379,799.299988,809.950012,809.450012
1380,804.820007,811.349976,807.900024
1381,812.3900150000001,824.299988,815.340027
1382,815.919983,824.26001,817.8900150000001
1383,817.3599849999999,823.0,815.650024
1384,818.3099980000001,819.200012,809.840027
1385,809.280029,816.219971,812.5
1386,813.369995,816.48999,815.200012
1387,815.719971,815.719971,812.200012
1388,809.099976,811.070007,809.679993
1389,808.01001,810.969971,807.799988
1390,808.679993,816.0,809.929993
1391,813.330017,813.330017,804.570007
1392,802.330017,805.75,802.880005
1393,803.210022,803.289978,792.450012
1394,800.619995,811.4400019999999,808.01001
1395,809.8900150000001,813.429993,807.77002
1396,807.5,813.73999,813.02002
1397,814.98999,828.960022,825.210022
1398,826.369995,830.429993,827.179993
1399,827.070007,829.409973,826.01001
1400,826.619995,829.900024,829.8599849999999
1401,828.380005,830.380005,829.530029
1402,831.0,834.650024,830.9400019999999
1403,830.0,830.179993,827.460022
1404,829.799988,829.8099980000001,829.02002
1405,829.0,833.0,824.369995
1406,829.090027,829.23999,828.169983
1407,831.6099849999999,845.5399779999999,844.429993
1408,846.9799800000001,851.5200199999999,849.5300289999999
1409,853.5499880000001,858.7899779999999,858.4500119999999
1410,859.0499880000001,861.0,856.9799800000001
1411,859.0,867.0,845.0300289999999
1412,837.0599980000001,837.22998,823.830017
1413,819.5,823.070007,820.1900019999999
1414,824.0,824.0,815.23999
1415,815.0,824.5599980000001,818.26001
1416,823.130005,826.130005,820.130005
1417,820.919983,822.3900150000001,821.619995
1418,825.5,831.919983,829.22998
1419,830.530029,834.25,829.880005
1420,831.72998,831.97998,830.0599980000001
1421,832.950012,837.150024,834.849976
1422,837.700012,841.73999,838.9600220000001
1423,839.7700199999999,842.0,840.0300289999999
1424,838.8099980000001,841.7700199999999,837.320007
1425,838.5,842.6900019999999,842.169983
1426,841.3099980000001,846.9400019999999,846.5499880000001
1427,847.98999,852.2000119999999,849.2700199999999
1428,848.0,853.7899779999999,851.3599849999999
1429,851.080017,852.6199949999999,851.0
1430,847.650024,848.3599849999999,847.8099980000001
1431,844.9500119999999,850.669983,849.669983
1432,847.349976,848.830017,844.929993
1433,851.3800050000001,858.0,856.75
1434,856.3099980000001,856.48999,849.849976
1435,848.9400019999999,850.820007,849.080017
1436,846.8599849999999,848.9400019999999,847.2700199999999
1437,847.26001,853.330017,851.150024
1438,853.1199949999999,856.929993,853.6400150000001
1439,853.6900019999999,860.7100220000001,857.840027
1440,862.7000119999999,864.2299800000001,861.409973
1441,860.830017,867.1300050000001,864.580017
1442,863.75,867.580017,865.909973
1443,867.9400019999999,869.8800050000001,868.3900150000001
1444,870.5300289999999,872.7100220000001,870.0
1445,873.679993,874.419983,872.3699949999999
1446,869.4799800000001,870.340027,867.909973
1447,870.0599980000001,873.4699710000001,850.1400150000001
1448,849.4799800000001,855.349976,849.7999880000001
1449,841.3900150000001,841.6900019999999,839.650024
1450,842.0,844.0,835.1400150000001
1451,828.090027,841.3800050000001,838.51001
1452,839.6900019999999,845.400024,840.6300050000001
1453,842.75,851.590027,849.8699949999999
1454,851.9799800000001,852.0,849.4799800000001
1455,846.830017,849.5599980000001,847.7999880000001
1456,848.75,859.0,856.75
1457,848.0,853.0,852.570007
1458,854.7100220000001,860.590027,848.909973
1459,849.5,853.590027,845.099976
1460,845.0,845.8800050000001,842.099976
1461,841.5399779999999,846.73999,841.7000119999999
1462,841.7000119999999,844.6300050000001,839.8800050000001
1463,838.460022,843.7199710000001,841.4600220000001
1464,841.0399779999999,843.7299800000001,840.179993
1465,841.3800050000001,855.6400150000001,855.1300050000001
1466,852.5399779999999,857.3900150000001,853.98999
1467,857.3900150000001,860.2000119999999,856.51001
1468,859.73999,863.929993,860.080017
1469,860.6199949999999,862.4400019999999,858.9500119999999
1470,868.4400019999999,879.9600220000001,878.929993
1471,882.26001,892.25,888.840027
1472,891.3900150000001,892.98999,889.1400150000001
1473,890.0,893.3800050000001,891.4400019999999
1474,929.0,935.900024,924.5200199999999
1475,924.150024,935.820007,932.820007
1476,933.2700199999999,942.98999,937.090027
1477,936.0499880000001,950.2000119999999,948.4500119999999
1478,950.2899779999999,959.1400150000001,954.7199710000001
1479,956.7199710000001,958.4400019999999,950.2800289999999
1480,947.4500119999999,960.98999,958.6900019999999
1481,961.330017,962.2000119999999,956.7100220000001
1482,956.2199710000001,956.7100220000001,954.840027
1483,951.2899779999999,957.98999,955.8900150000001
1484,957.849976,957.9799800000001,955.1400150000001
1485,955.2899779999999,962.7000119999999,959.2199710000001
1486,963.5499880000001,965.900024,964.6099849999999
1487,959.7000119999999,960.98999,942.169983
1488,943.2000119999999,954.179993,950.5
1489,952.820007,959.5599980000001,954.650024
1490,957.0,964.820007,964.070007
1491,969.9600220000001,974.51001,970.5499880000001
1492,975.26001,978.1199949999999,977.6099849999999
1493,979.0,995.7800289999999,991.8599849999999
1494,992.0,996.3900150000001,993.2700199999999
1495,992.5,997.6199949999999,996.169983
1496,996.2100220000001,999.599976,987.090027
1497,990.9600220000001,993.1400150000001,988.2899779999999
1498,988.590027,996.4799800000001,996.1199949999999
1499,997.8900150000001,1007.400024,1003.8800050000001
1500,1003.3099980000001,1008.6099849999999,996.679993
1501,999.090027,1003.909973,1001.5
1502,1004.2299800000001,1005.599976,1004.2800289999999
1503,1005.48999,1005.5,970.1199949999999
1504,958.7199710000001,968.0,961.8099980000001
1505,972.0399779999999,977.909973,970.5
1506,975.5,979.7000119999999,967.929993
1507,948.0200199999999,960.679993,960.179993
1508,957.909973,959.9500119999999,958.6199949999999
1509,969.650024,979.2999880000001,975.2199710000001
